Title, Price 
Lazy Oaf Lazy Spa Oversized T-Shirt,
				£40.00
			Lazy Oaf Do Not Disturb T-Shirt,
				£40.00
			Lazy Oaf Wake Up Call T-shirt,
				£38.00
			Lazy Oaf Wonky Smile T-Shirt,
				£40.00
			Lazy Oaf Happy Flower Long Sleeve T-Shirt,
				£48.00
			Lazy Oaf Bad Dalmation Long Sleeve T-shirt,
				£48.00
			Lazy Oaf Yellow Faced Stripey T-Shirt,
				£42.00
			LO X Laura Callaghan Book Lovers Long Sleeve T-Shirt,
				£55.00
			Lazy Oaf Scaredy Cat Oversized T-Shirt,
				£45.00
			Lazy Oaf Artistic Flowers T-Shirt,
				£40.00
			